category,repeat,p_avg_w,duration_ms,T_s,value,unit,w0,w1,w2,w3,w4,w5,w6,w7,w8,w9,w10,w11,w12,w13,w14,w15,w16,w17
alu,1,5.055663,292502,292.5000002,511467.8501900737,pJ/instr,0xac54f95d,0x00000000,0x00000000,0x00000000,0x00000000,0x00000000,0x00000000,0x00000000,0x00000002,0x00000000,0x00aba94f,0x00000000,0x00000000,0x00000000,0x00000000,0x00000000,0x3942a987,0xe79a9ec9
mul,1,5.048672,292501,292.5000002,512755.75035060215,pJ/instr,0x00aba95d,0x00000000,0xaba95000,0x00000000,0x00000000,0x00000000,0x00000000,0x00000000,0x00000002,0x00000000,0x00aba94f,0x00000000,0x00000000,0x00000000,0x00000000,0x00000000,0xed8c6949,0x9be45e8b
mulh,1,5.04323,298531,298.5300002,2529495.048569634,pJ/instr,0x00237a15,0x00000000,0x00000000,0x00000000,0x237a0800,0x00000000,0x00000000,0x00000000,0x00000002,0x00000000,0x00237a07,0x00000000,0x00000000,0x00000000,0x00000000,0x00000000,0xa1d847eb,0x53c8580d
div,1,5.040186,299936,299.9350002,504393.61417562095,pJ/ciclo,0x000881c9,0x00000000,0x00000000,0x00000000,0x00000000,0x00000000,0x0881bc00,0x00000000,0x00000002,0x00000000,0x000881bb,0x00000000,0x00000000,0x00000000,0xb2a46c00,0x00000000,0x5a3d7fe9,0x0d03f2db
mem,1,5.044786,296127,296.1250003,1014869.0582430012,pJ/instr,0x0057bcfd,0x00000000,0x00000000,0x00000000,0x00000000,0x00000000,0x00000000,0x00000000,0x57bcf002,0x00000000,0x0057bcef,0x00000000,0x00000000,0x00000000,0x00000000,0x00000000,0x130c9a3f,0xc38db112
ctrl,1,5.043517,294122,294.1200005,1012628.3183660229,pJ/instr,0x0056f9a9,0x00000000,0x00000000,0x00000000,0x00000000,0x00000000,0x00000000,0x00000000,0x00000002,0x00000000,0x5750999f,0x00000000,0x00000000,0x00000000,0x00000000,0x00000000,0xc9b96727,0x79088dac
float,1,5.051413,291602,291.6000005,639319.4589087268,pJ/instr,0x00895449,0x00000000,0x00000000,0x00000000,0x00000000,0x00000000,0x00000000,0x00000000,0x00000002,0x00000000,0x0089543f,0x00000000,0x89544000,0x00000000,0x00000000,0x00000000,0x7eff971d,0x2cce3822
idle,1,5.05342,300003,300.0000005,5.05342,W,0x2cb41789,0x00000000,0x00000000,0x00000000,0x00000000,0x00000000,0x00000000,0x00000000,0x00000002,0x00000000,0x2cb4177f,0x00000000,0x00000000,0x00000000,0x00000000,0x00000000,0x32ad34f5,0xe57d92fa
