category,repeat,p_avg_w,duration_ms,T_s,value,unit,w0,w1,w2,w3,w4,w5,w6,w7,w8,w9,w10,w11,w12,w13,w14,w15,w16,w17
alu,1,5.080383,292501,292.5000002,513968.70621166745,pJ/instr,0xac54f95d,0x00000000,0x00000000,0x00000000,0x00000000,0x00000000,0x00000000,0x00000000,0x00000002,0x00000000,0x00aba94f,0x00000000,0x00000000,0x00000000,0x00000000,0x00000000,0x00000053,0xae57f595
mul,1,5.072923,292501,292.5000002,515218.7425397863,pJ/instr,0x00aba95d,0x00000000,0xaba95000,0x00000000,0x00000000,0x00000000,0x00000000,0x00000000,0x00000002,0x00000000,0x00aba94f,0x00000000,0x00000000,0x00000000,0x00000000,0x00000000,0xb4488e61,0x62a083a3
mulh,1,5.067381,298531,298.5300002,2541608.284515249,pJ/instr,0x00237a15,0x00000000,0x00000000,0x00000000,0x237a0800,0x00000000,0x00000000,0x00000000,0x00000002,0x00000000,0x00237a07,0x00000000,0x00000000,0x00000000,0x00000000,0x00000000,0x68c55ecf,0x1ab56ef1
div,1,5.064617,299938,299.9350002,506838.5319599894,pJ/ciclo,0x000881c9,0x00000000,0x00000000,0x00000000,0x00000000,0x00000000,0x0881bc00,0x00000000,0x00000002,0x00000000,0x000881bb,0x00000000,0x00000000,0x00000000,0xb2a46c00,0x00000000,0x20bc5907,0xd382cbf9
mem,1,5.070863,296126,296.1250003,1020115.0172255631,pJ/instr,0x0057bcfd,0x00000000,0x00000000,0x00000000,0x00000000,0x00000000,0x00000000,0x00000000,0x57bcf002,0x00000000,0x0057bcef,0x00000000,0x00000000,0x00000000,0x00000000,0x00000000,0xd9797bb5,0x89fa9288
ctrl,1,5.071515,294122,294.1200005,1018249.7067062646,pJ/instr,0x0056f9a9,0x00000000,0x00000000,0x00000000,0x00000000,0x00000000,0x00000000,0x00000000,0x00000002,0x00000000,0x5750999f,0x00000000,0x00000000,0x00000000,0x00000000,0x00000000,0x9017e50f,0x3f670b94
float,1,5.08024,291602,291.6000005,642967.8761024826,pJ/instr,0x00895449,0x00000000,0x00000000,0x00000000,0x00000000,0x00000000,0x00000000,0x00000000,0x00000002,0x00000000,0x0089543f,0x00000000,0x89544000,0x00000000,0x00000000,0x00000000,0x459ae8bb,0xf36989c0
idle,1,5.069012,301201,301.2000005,5.069012,W,0xb2fe24c9,0x00000000,0x00000000,0x00000000,0x00000000,0x00000000,0x00000000,0x00000000,0x00000002,0x00000000,0x002dc6bf,0x00000000,0x00000000,0x00000000,0x00000000,0x00000000,0xf984bb63,0xad0c3468
